{
  "brand": {
    "name": "AnomFIN",
    "tagline": "Yksilölliset sovellukset ja kyberturvaratkaisut",
    "emails": {
      "info": "info@anomfin.fi",
      "laskutus": "laskutus@anomfin.fi",
      "rekry": "rekry@anomfin.fi"
    }
  },
  "hero": {
    "h1": "Yksilöllisten sovellusten koodaaminen juuri yrityksenne tarpeisiin.",
    "sub": "Sovelluksia kaikille alustoille – kyberturva sisäänrakennettuna.",
    "ctas": [
      {
        "label": "Varaa 30 min kartoitus",
        "href": "mailto:info@anomfin.fi?subject=Varaa%2030%20min%20kartoitus"
      },
      {
        "label": "Pyydä tarjous",
        "href": "mailto:laskutus@anomfin.fi?subject=Tarjouspyynt%C3%B6"
      }
    ]
  },
  "services": [
    {
      "title": "Räätälöidyt sovellukset",
      "desc": "Mobiili-, desktop- ja web-sovellukset.",
      "slug": "sovellukset"
    },
    {
      "title": "Kyberturvaratkaisut",
      "desc": "Huijaustunnistus, SMS-suojaus, integraatiot.",
      "slug": "kyberturva"
    },
    {
      "title": "Auditoinnit & testaus",
      "desc": "Kovennukset ja pentest.",
      "slug": "auditoinnit"
    },
    {
      "title": "24/7 valvonta & ylläpito",
      "desc": "Hälytykset ja jatkuva kehitys.",
      "slug": "valvonta"
    }
  ],
  "platforms": [
    "iOS",
    "Android",
    "macOS",
    "Windows",
    "Linux",
    "Web"
  ],
  "security": {
    "bullets": [
      "PhishHunterAI™ – huijausviestien tunnistus ja riskipisteytys",
      "SMS Shield™ – tekstiviestihuijausten torjunta",
      "M365/Google kovennukset ja valvonta",
      "Incident-apuri: eristys, forensiikka, palautus"
    ],
    "poc": "Rakennamme pienen kokeilun nopeasti ja viemme tuotantoon turvallisesti."
  },
  "pricing": [
    {
      "name": "Start",
      "price": "alk. 690 € / kk",
      "sla": "NBD",
      "features": [
        "Alkuauditointi",
        "Peruskovennus",
        "Koulutus + 1 simulaatio"
      ]
    },
    {
      "name": "Protect",
      "price": "alk. 1 490 € / kk",
      "sla": "4h",
      "features": [
        "Start + 24/7 valvonta",
        "Kuukausiraportti",
        "Kvartaali-katselmus"
      ]
    },
    {
      "name": "Elite",
      "price": "alk. 3 490 € / kk",
      "sla": "1h",
      "features": [
        "Protect + IR SLA",
        "Laajennettu automaatio",
        "Laajennetut simulaatiot"
      ]
    }
  ],
  "faq": [
    {
      "q": "Mitä SLA tarkoittaa?",
      "a": "Vasteaika hälytyksille ja tukipyynnöille. Start: NBD, Protect: 4h, Elite: 1h."
    },
    {
      "q": "Onko määräaikaa?",
      "a": "Kuukausi kerrallaan tai 12 kk alennuksella. Ei vendor-lockia."
    }
  ]
}